[{"fields": {"model": "logentry", "name": "log entry", "app_label": "admin"}, "model": "contenttypes.contenttype", "pk": 1}, {"fields": {"model": "permission", "name": "permission", "app_label": "auth"}, "model": "contenttypes.contenttype", "pk": 2}, {"fields": {"model": "group", "name": "group", "app_label": "auth"}, "model": "contenttypes.contenttype", "pk": 3}, {"fields": {"model": "user", "name": "user", "app_label": "auth"}, "model": "contenttypes.contenttype", "pk": 4}, {"fields": {"model": "contenttype", "name": "content type", "app_label": "contenttypes"}, "model": "contenttypes.contenttype", "pk": 5}, {"fields": {"model": "session", "name": "session", "app_label": "sessions"}, "model": "contenttypes.contenttype", "pk": 6}, {"fields": {"model": "dependency", "name": "dependency", "app_label": "static_precompiler"}, "model": "contenttypes.contenttype", "pk": 7}, {"fields": {"model": "subject", "name": "subject", "app_label": "backoffice"}, "model": "contenttypes.contenttype", "pk": 8}, {"fields": {"model": "exercise", "name": "exercise", "app_label": "backoffice"}, "model": "contenttypes.contenttype", "pk": 9}, {"fields": {"model": "schoolclass", "name": "school class", "app_label": "backoffice"}, "model": "contenttypes.contenttype", "pk": 10}, {"fields": {"model": "subjectconfig", "name": "subject config", "app_label": "backoffice"}, "model": "contenttypes.contenttype", "pk": 11}, {"fields": {"model": "exerciseconfig", "name": "exercise config", "app_label": "backoffice"}, "model": "contenttypes.contenttype", "pk": 12}, {"fields": {"model": "lpuser", "name": "lp user", "app_label": "backoffice"}, "model": "contenttypes.contenttype", "pk": 13}, {"fields": {"model": "statistics", "name": "statistics", "app_label": "backoffice"}, "model": "contenttypes.contenttype", "pk": 14}, {"fields": {"expire_date": "2015-12-28T10:50:09", "session_data": "MjIwYWE1OTZjZjgzZTkwY2Q0M2NjNzJjNTZiNzBkOGEwOTgwMDQyYzp7Il9hdXRoX3VzZXJfYmFja2VuZCI6ImRqYW5nby5jb250cmliLmF1dGguYmFja2VuZHMuTW9kZWxCYWNrZW5kIiwiX2F1dGhfdXNlcl9oYXNoIjoiZGRhYWZmMjNkM2I3NDU4Y2YyMWNiZWE2NDFhMWQ3NGJlMTk2NzFmMyIsIl9hdXRoX3VzZXJfaWQiOjEsIl9zZXNzaW9uX2V4cGlyeSI6MH0="}, "model": "sessions.session", "pk": "f359xyzqpt9tbpckbe9dmo5j8br6ryp8"}, {"fields": {"data": "{\"accessible\": {\"value\": \"bool\", \"titleMap\": [\"Autoriser\", \"Ne pas autoriser\"], \"title\": \"Autoriser l'acc\u00e8s\"}}", "name": "Math\u00e9matiques", "reference": "maths"}, "model": "backoffice.subject", "pk": 1}, {"fields": {"data": "{\"accessible\": {\"value\": \"bool\", \"titleMap\": [\"Autoriser\", \"Ne pas autoriser\"], \"title\": \"Autoriser l'acc\u00e8s\"}}", "name": "Fran\u00e7ais", "reference": "fr"}, "model": "backoffice.subject", "pk": 2}, {"fields": {"data": "{\"accessible\": {\"value\": \"bool\", \"titleMap\": [\"Autoriser\", \"Ne pas autoriser\"], \"title\": \"Autoriser l'acc\u00e8s\"}}", "name": "Anglais", "reference": "en"}, "model": "backoffice.subject", "pk": 3}, {"fields": {"data": "{\"accessible\": {\"value\": \"bool\", \"titleMap\": [\"Autoriser\", \"Ne pas autoriser\"], \"title\": \"Autoriser l'acc\u00e8s\"}}", "name": "Additions", "reference": "maths-additions", "subject": 1}, "model": "backoffice.exercise", "pk": 1}, {"fields": {"data": "{\"accessible\": {\"value\": \"bool\", \"titleMap\": [\"Autoriser\", \"Ne pas autoriser\"], \"title\": \"Autoriser l'acc\u00e8s\"}}", "name": "Soustractions", "reference": "maths-soustractions", "subject": 1}, "model": "backoffice.exercise", "pk": 2}, {"fields": {"data": "{\"goal\": {\"value\": [\"Reconnaissance de formes\", \"Reconnaissance des tailles\"], \"title\": \"Type de questions\"}, \"allow_retry\": {\"value\": \"bool\", \"titleMap\": [\"Autoriser\", \"Ne pas autoriser\"], \"default\": \"false\", \"title\": \"Autoriser l'\u00e9l\u00e8ve \u00e0 refaire une question\"}, \"nb_try\": {\"value\": \"integer\", \"title\": \"Nombre de tentatives\"}, \"accessible\": {\"value\": \"bool\", \"titleMap\": [\"Autoriser\", \"Ne pas autoriser\"], \"title\": \"Autoriser l'acc\u00e8s\"}}", "name": "G\u00e9om\u00e9trie", "reference": "maths-geometrie", "subject": 1}, "model": "backoffice.exercise", "pk": 3}, {"fields": {"data": "{\"accessible\": {\"value\": \"bool\", \"titleMap\": [\"Autoriser\", \"Ne pas autoriser\"], \"title\": \"Autoriser l'acc\u00e8s\"}}", "name": "Compter les pommes", "reference": "maths-compte-pomme", "subject": 1}, "model": "backoffice.exercise", "pk": 4}, {"fields": {"data": "{\"accessible\": {\"value\": \"bool\", \"titleMap\": [\"Autoriser\", \"Ne pas autoriser\"], \"title\": \"Autoriser l'acc\u00e8s\"}}", "name": "Lecture", "reference": "fr-lecture", "subject": 2}, "model": "backoffice.exercise", "pk": 5}, {"fields": {"data": "{\"accessible\": {\"value\": \"bool\", \"titleMap\": [\"Autoriser\", \"Ne pas autoriser\"], \"title\": \"Autoriser l'acc\u00e8s\"}}", "name": "Memory", "reference": "fr-memory", "subject": 2}, "model": "backoffice.exercise", "pk": 6}, {"fields": {"data": "{\"accessible\": {\"value\": \"bool\", \"titleMap\": [\"Autoriser\", \"Ne pas autoriser\"], \"title\": \"Autoriser l'acc\u00e8s\"}}", "name": "Reconnaissance des sons", "reference": "fr-reco-sons", "subject": 2}, "model": "backoffice.exercise", "pk": 7}, {"fields": {"data": "{\"accessible\": {\"value\": \"bool\", \"titleMap\": [\"Autoriser\", \"Ne pas autoriser\"], \"title\": \"Autoriser l'acc\u00e8s\"}}", "name": "Lecture", "reference": "en-lecture", "subject": 3}, "model": "backoffice.exercise", "pk": 8}, {"fields": {"name": "CP 1", "modification_date": "2015-12-14T10:48:58", "ip": "", "school_name": "Ecole Albert Camus", "creation_date": "2015-12-14T10:48:58", "data": null}, "model": "backoffice.schoolclass", "pk": 1}, {"fields": {"name": "CP 2", "modification_date": "2015-12-14T10:48:58", "ip": "", "school_name": "Ecole Albert Camus", "creation_date": "2015-12-14T10:48:58", "data": null}, "model": "backoffice.schoolclass", "pk": 2}, {"fields": {"end_date": null, "name": "Maths d\u00e9bloqu\u00e9es", "modification_date": "2015-12-14T10:51:31", "school_class": 2, "creation_date": "2015-12-14T10:51:31", "data": "{\"accessible\": true, \"config_name\": \"Maths d\\u00e9bloqu\\u00e9es\", \"school_class\": \"2\"}", "start_date": null, "subject": 1}, "model": "backoffice.subjectconfig", "pk": 1}, {"fields": {"end_date": null, "name": "Config anglais lecture bloqu\u00e9", "modification_date": "2015-12-14T10:52:12", "school_class": 2, "creation_date": "2015-12-14T10:52:12", "data": "{\"accessible\": false, \"config_name\": \"Config anglais lecture bloqu\\u00e9\", \"school_class\": \"2\"}", "start_date": null, "exercise": 8}, "model": "backoffice.exerciseconfig", "pk": 1}, {"fields": {"date": "2015-12-14T10:48:58", "data": "{\"multi\":\"true\",\"time\":\"80\",\"success\":\"7\",\"failure\":\"3\"}", "user": 3, "exercise": 1}, "model": "backoffice.statistics", "pk": 1}, {"fields": {"date": "2015-12-14T10:48:58", "data": "{\"multi\":\"true\",\"time\":\"100\",\"success\":\"6\",\"failure\":\"4\"}", "user": 3, "exercise": 2}, "model": "backoffice.statistics", "pk": 2}, {"fields": {"date": "2015-12-14T10:48:58", "data": "{\"multi\":\"false\",\"time\":\"60\",\"success\":\"4\",\"failure\":\"6\"}", "user": 3, "exercise": 3}, "model": "backoffice.statistics", "pk": 3}, {"fields": {"date": "2015-12-14T10:48:58", "data": "{\"multi\":\"true\",\"time\":\"60\",\"success\":\"7\",\"failure\":\"3\"}", "user": 3, "exercise": 5}, "model": "backoffice.statistics", "pk": 4}, {"fields": {"date": "2015-12-14T10:48:58", "data": "{\"multi\":\"false\",\"time\":\"156\",\"success\":\"100\",\"failure\":\"0\"}", "user": 3, "exercise": 8}, "model": "backoffice.statistics", "pk": 5}, {"fields": {"date": "2015-12-14T10:48:58", "data": "{\"multi\":\"true\",\"time\":\"63\",\"success\":\"6\",\"failure\":\"4\"}", "user": 4, "exercise": 1}, "model": "backoffice.statistics", "pk": 6}, {"fields": {"date": "2015-12-14T10:48:58", "data": "{\"multi\":\"true\",\"time\":\"98\",\"success\":\"7\",\"failure\":\"3\"}", "user": 4, "exercise": 2}, "model": "backoffice.statistics", "pk": 7}, {"fields": {"date": "2015-12-14T10:48:58", "data": "{\"multi\":\"true\",\"time\":\"79\",\"success\":\"8\",\"failure\":\"2\"}", "user": 5, "exercise": 1}, "model": "backoffice.statistics", "pk": 8}, {"fields": {"date": "2015-12-14T10:48:58", "data": "{\"multi\":\"true\",\"time\":\"127\",\"success\":\"8\",\"failure\":\"2\"}", "user": 5, "exercise": 2}, "model": "backoffice.statistics", "pk": 9}, {"fields": {"date": "2015-12-14T10:48:58", "data": "{\"multi\":\"false\",\"time\":\"54\",\"success\":\"9\",\"failure\":\"1\"}", "user": 5, "exercise": 3}, "model": "backoffice.statistics", "pk": 10}, {"fields": {"date": "2015-12-14T10:48:58", "data": "{\"multi\":\"true\",\"time\":\"67\",\"success\":\"6\",\"failure\":\"4\"}", "user": 5, "exercise": 5}, "model": "backoffice.statistics", "pk": 11}, {"fields": {"date": "2015-12-14T10:48:58", "data": "{\"multi\":\"false\",\"time\":\"601\",\"success\":\"99\",\"failure\":\"1\"}", "user": 5, "exercise": 8}, "model": "backoffice.statistics", "pk": 12}, {"fields": {"date": "2015-12-14T10:48:58", "data": "{\"multi\":\"false\",\"time\":\"85\",\"success\":\"10\",\"failure\":\"0\"}", "user": 6, "exercise": 1}, "model": "backoffice.statistics", "pk": 13}, {"fields": {"date": "2015-12-14T10:48:58", "data": "{\"multi\":\"true\",\"time\":\"112\",\"success\":\"5\",\"failure\":\"5\"}", "user": 6, "exercise": 2}, "model": "backoffice.statistics", "pk": 14}, {"fields": {"date": "2015-12-14T10:48:58", "data": "{\"multi\":\"false\",\"time\":\"61\",\"success\":\"6\",\"failure\":\"4\"}", "user": 6, "exercise": 3}, "model": "backoffice.statistics", "pk": 15}, {"fields": {"date": "2015-12-14T10:48:58", "data": "{\"multi\":\"false\",\"time\":\"60\",\"success\":\"7\",\"failure\":\"3\"}", "user": 6, "exercise": 5}, "model": "backoffice.statistics", "pk": 16}, {"fields": {"date": "2015-12-14T10:48:58", "data": "{\"multi\":\"false\",\"time\":\"151\",\"success\":\"87\",\"failure\":\"13\"}", "user": 6, "exercise": 8}, "model": "backoffice.statistics", "pk": 17}, {"fields": {"date": "2015-12-14T10:48:58", "data": "{\"multi\":\"true\",\"time\":\"68\",\"success\":\"7\",\"failure\":\"3\"}", "user": 7, "exercise": 1}, "model": "backoffice.statistics", "pk": 18}, {"fields": {"date": "2015-12-14T10:48:58", "data": "{\"multi\":\"true\",\"time\":\"127\",\"success\":\"10\",\"failure\":\"0\"}", "user": 7, "exercise": 2}, "model": "backoffice.statistics", "pk": 19}, {"fields": {"date": "2015-12-14T10:48:58", "data": "{\"multi\":\"false\",\"time\":\"60\",\"success\":\"8\",\"failure\":\"2\"}", "user": 7, "exercise": 3}, "model": "backoffice.statistics", "pk": 20}, {"fields": {"date": "2015-12-14T10:48:58", "data": "{\"multi\":\"true\",\"time\":\"60\",\"success\":\"4\",\"failure\":\"6\"}", "user": 7, "exercise": 5}, "model": "backoffice.statistics", "pk": 21}, {"fields": {"date": "2015-12-14T10:48:58", "data": "{\"multi\":\"false\",\"time\":\"212\",\"success\":\"95\",\"failure\":\"5\"}", "user": 7, "exercise": 8}, "model": "backoffice.statistics", "pk": 22}, {"fields": {"date": "2015-12-14T10:48:58", "data": "{\"multi\":\"true\",\"time\":\"76\",\"success\":\"7\",\"failure\":\"3\"}", "user": 8, "exercise": 1}, "model": "backoffice.statistics", "pk": 23}, {"fields": {"date": "2015-12-14T10:48:58", "data": "{\"multi\":\"true\",\"time\":\"107\",\"success\":\"4\",\"failure\":\"6\"}", "user": 8, "exercise": 2}, "model": "backoffice.statistics", "pk": 24}, {"fields": {"date": "2015-12-14T10:48:58", "data": "{\"multi\":\"false\",\"time\":\"64\",\"success\":\"5\",\"failure\":\"5\"}", "user": 8, "exercise": 3}, "model": "backoffice.statistics", "pk": 25}, {"fields": {"date": "2015-12-14T10:48:58", "data": "{\"multi\":\"true\",\"time\":\"60\",\"success\":\"7\",\"failure\":\"3\"}", "user": 8, "exercise": 5}, "model": "backoffice.statistics", "pk": 26}, {"fields": {"date": "2015-12-14T10:48:58", "data": "{\"multi\":\"false\",\"time\":\"103\",\"success\":\"67\",\"failure\":\"33\"}", "user": 8, "exercise": 8}, "model": "backoffice.statistics", "pk": 27}, {"fields": {"date": "2015-12-14T10:48:58", "data": "{\"multi\":\"true\",\"time\":\"80\",\"success\":\"7\",\"failure\":\"3\"}", "user": 9, "exercise": 1}, "model": "backoffice.statistics", "pk": 28}, {"fields": {"date": "2015-12-14T10:48:58", "data": "{\"multi\":\"true\",\"time\":\"104\",\"success\":\"3\",\"failure\":\"7\"}", "user": 9, "exercise": 2}, "model": "backoffice.statistics", "pk": 29}, {"fields": {"date": "2015-12-14T10:48:58", "data": "{\"multi\":\"false\",\"time\":\"76\",\"success\":\"6\",\"failure\":\"4\"}", "user": 9, "exercise": 3}, "model": "backoffice.statistics", "pk": 30}, {"fields": {"date": "2015-12-14T10:48:58", "data": "{\"multi\":\"true\",\"time\":\"64\",\"success\":\"10\",\"failure\":\"0\"}", "user": 9, "exercise": 5}, "model": "backoffice.statistics", "pk": 31}, {"fields": {"date": "2015-12-14T10:48:58", "data": "{\"multi\":\"false\",\"time\":\"164\",\"success\":\"100\",\"failure\":\"0\"}", "user": 9, "exercise": 8}, "model": "backoffice.statistics", "pk": 32}, {"fields": {"date": "2015-12-14T10:48:58", "data": "{\"multi\":\"true\",\"time\":\"84\",\"success\":\"7\",\"failure\":\"3\"}", "user": 10, "exercise": 1}, "model": "backoffice.statistics", "pk": 33}, {"fields": {"date": "2015-12-14T10:48:58", "data": "{\"multi\":\"true\",\"time\":\"107\",\"success\":\"7\",\"failure\":\"3\"}", "user": 10, "exercise": 2}, "model": "backoffice.statistics", "pk": 34}, {"fields": {"date": "2015-12-14T10:48:58", "data": "{\"multi\":\"false\",\"time\":\"60\",\"success\":\"7\",\"failure\":\"3\"}", "user": 10, "exercise": 3}, "model": "backoffice.statistics", "pk": 35}, {"fields": {"date": "2015-12-14T10:48:58", "data": "{\"multi\":\"true\",\"time\":\"60\",\"success\":\"6\",\"failure\":\"4\"}", "user": 10, "exercise": 5}, "model": "backoffice.statistics", "pk": 36}, {"fields": {"date": "2015-12-14T10:48:58", "data": "{\"multi\":\"false\",\"time\":\"321\",\"success\":\"88\",\"failure\":\"12\"}", "user": 10, "exercise": 8}, "model": "backoffice.statistics", "pk": 37}, {"fields": {"date": "2015-12-14T10:48:58", "data": "{\"multi\":\"true\",\"time\":\"80\",\"success\":\"7\",\"failure\":\"3\"}", "user": 11, "exercise": 1}, "model": "backoffice.statistics", "pk": 38}, {"fields": {"date": "2015-12-14T10:48:58", "data": "{\"multi\":\"true\",\"time\":\"100\",\"success\":\"6\",\"failure\":\"4\"}", "user": 11, "exercise": 2}, "model": "backoffice.statistics", "pk": 39}, {"fields": {"date": "2015-12-14T10:48:58", "data": "{\"multi\":\"false\",\"time\":\"60\",\"success\":\"5\",\"failure\":\"5\"}", "user": 11, "exercise": 3}, "model": "backoffice.statistics", "pk": 40}, {"fields": {"date": "2015-12-14T10:48:58", "data": "{\"multi\":\"true\",\"time\":\"60\",\"success\":\"7\",\"failure\":\"3\"}", "user": 11, "exercise": 5}, "model": "backoffice.statistics", "pk": 41}, {"fields": {"date": "2015-12-14T10:48:58", "data": "{\"multi\":\"false\",\"time\":\"165\",\"success\":\"55\",\"failure\":\"45\"}", "user": 11, "exercise": 8}, "model": "backoffice.statistics", "pk": 42}, {"fields": {"date": "2015-12-14T10:48:58", "data": "{\"multi\":\"true\",\"time\":\"92\",\"success\":\"7\",\"failure\":\"3\"}", "user": 12, "exercise": 1}, "model": "backoffice.statistics", "pk": 43}, {"fields": {"date": "2015-12-14T10:48:58", "data": "{\"multi\":\"true\",\"time\":\"107\",\"success\":\"8\",\"failure\":\"2\"}", "user": 12, "exercise": 2}, "model": "backoffice.statistics", "pk": 44}, {"fields": {"date": "2015-12-14T10:48:58", "data": "{\"multi\":\"false\",\"time\":\"67\",\"success\":\"6\",\"failure\":\"4\"}", "user": 12, "exercise": 3}, "model": "backoffice.statistics", "pk": 45}, {"fields": {"date": "2015-12-14T10:48:58", "data": "{\"multi\":\"true\",\"time\":\"21\",\"success\":\"1\",\"failure\":\"9\"}", "user": 12, "exercise": 5}, "model": "backoffice.statistics", "pk": 46}, {"fields": {"date": "2015-12-14T10:48:58", "data": "{\"multi\":\"false\",\"time\":\"287\",\"success\":\"98\",\"failure\":\"2\"}", "user": 12, "exercise": 8}, "model": "backoffice.statistics", "pk": 47}, {"fields": {"date": "2015-12-14T10:48:58", "data": "{\"multi\":\"true\",\"time\":\"65\",\"success\":\"9\",\"failure\":\"1\"}", "user": 13, "exercise": 1}, "model": "backoffice.statistics", "pk": 48}, {"fields": {"date": "2015-12-14T10:48:58", "data": "{\"multi\":\"true\",\"time\":\"87\",\"success\":\"8\",\"failure\":\"2\"}", "user": 13, "exercise": 2}, "model": "backoffice.statistics", "pk": 49}, {"fields": {"date": "2015-12-14T10:48:58", "data": "{\"multi\":\"false\",\"time\":\"54\",\"success\":\"10\",\"failure\":\"0\"}", "user": 13, "exercise": 3}, "model": "backoffice.statistics", "pk": 50}, {"fields": {"date": "2015-12-14T10:48:58", "data": "{\"multi\":\"true\",\"time\":\"54\",\"success\":\"9\",\"failure\":\"1\"}", "user": 13, "exercise": 5}, "model": "backoffice.statistics", "pk": 51}, {"fields": {"date": "2015-12-14T10:48:58", "data": "{\"multi\":\"false\",\"time\":\"123\",\"success\":\"95\",\"failure\":\"5\"}", "user": 13, "exercise": 8}, "model": "backoffice.statistics", "pk": 52}, {"fields": {"date": "2015-12-14T10:48:58", "data": "{\"multi\":\"true\",\"time\":\"83\",\"success\":\"7\",\"failure\":\"3\"}", "user": 14, "exercise": 1}, "model": "backoffice.statistics", "pk": 53}, {"fields": {"date": "2015-12-14T10:48:58", "data": "{\"multi\":\"false\",\"time\":\"60\",\"success\":\"6\",\"failure\":\"4\"}", "user": 14, "exercise": 3}, "model": "backoffice.statistics", "pk": 54}, {"fields": {"date": "2015-12-14T10:48:58", "data": "{\"multi\":\"true\",\"time\":\"75\",\"success\":\"7\",\"failure\":\"3\"}", "user": 14, "exercise": 5}, "model": "backoffice.statistics", "pk": 55}, {"fields": {"date": "2015-12-14T10:48:58", "data": "{\"multi\":\"true\",\"time\":\"64\",\"success\":\"7\",\"failure\":\"3\"}", "user": 15, "exercise": 5}, "model": "backoffice.statistics", "pk": 56}, {"fields": {"date": "2015-12-14T10:48:58", "data": "{\"multi\":\"false\",\"time\":\"202\",\"success\":\"90\",\"failure\":\"10\"}", "user": 15, "exercise": 8}, "model": "backoffice.statistics", "pk": 57}, {"fields": {"date": "2015-12-14T10:48:58", "data": "{\"multi\":\"true\",\"time\":\"88\",\"success\":\"6\",\"failure\":\"4\"}", "user": 16, "exercise": 1}, "model": "backoffice.statistics", "pk": 58}, {"fields": {"date": "2015-12-14T10:48:58", "data": "{\"multi\":\"true\",\"time\":\"109\",\"success\":\"1\",\"failure\":\"9\"}", "user": 16, "exercise": 2}, "model": "backoffice.statistics", "pk": 59}, {"fields": {"date": "2015-12-14T10:48:58", "data": "{\"multi\":\"false\",\"time\":\"69\",\"success\":\"3\",\"failure\":\"7\"}", "user": 16, "exercise": 3}, "model": "backoffice.statistics", "pk": 60}, {"fields": {"date": "2015-12-14T10:48:58", "data": "{\"multi\":\"true\",\"time\":\"63\",\"success\":\"4\",\"failure\":\"6\"}", "user": 16, "exercise": 5}, "model": "backoffice.statistics", "pk": 61}, {"fields": {"date": "2015-12-14T10:48:58", "data": "{\"multi\":\"false\",\"time\":\"304\",\"success\":\"65\",\"failure\":\"35\"}", "user": 16, "exercise": 8}, "model": "backoffice.statistics", "pk": 62}, {"fields": {"date": "2015-12-14T10:48:58", "data": "{\"multi\":\"true\",\"time\":\"84\",\"success\":\"7\",\"failure\":\"3\"}", "user": 17, "exercise": 1}, "model": "backoffice.statistics", "pk": 63}, {"fields": {"date": "2015-12-14T10:48:58", "data": "{\"multi\":\"true\",\"time\":\"102\",\"success\":\"8\",\"failure\":\"2\"}", "user": 17, "exercise": 2}, "model": "backoffice.statistics", "pk": 64}, {"fields": {"date": "2015-12-14T10:48:58", "data": "{\"multi\":\"false\",\"time\":\"57\",\"success\":\"6\",\"failure\":\"4\"}", "user": 17, "exercise": 3}, "model": "backoffice.statistics", "pk": 65}, {"fields": {"date": "2015-12-14T10:48:58", "data": "{\"multi\":\"true\",\"time\":\"63\",\"success\":\"7\",\"failure\":\"3\"}", "user": 17, "exercise": 5}, "model": "backoffice.statistics", "pk": 66}, {"fields": {"date": "2015-12-14T10:48:58", "data": "{\"multi\":\"false\",\"time\":\"89\",\"success\":\"33\",\"failure\":\"67\"}", "user": 17, "exercise": 8}, "model": "backoffice.statistics", "pk": 67}, {"fields": {"date": "2015-12-14T10:48:58", "data": "{\"multi\":\"true\",\"time\":\"86\",\"success\":\"6\",\"failure\":\"4\"}", "user": 18, "exercise": 1}, "model": "backoffice.statistics", "pk": 68}, {"fields": {"date": "2015-12-14T10:48:58", "data": "{\"multi\":\"true\",\"time\":\"132\",\"success\":\"8\",\"failure\":\"2\"}", "user": 18, "exercise": 2}, "model": "backoffice.statistics", "pk": 69}, {"fields": {"date": "2015-12-14T10:48:58", "data": "{\"multi\":\"false\",\"time\":\"57\",\"success\":\"7\",\"failure\":\"3\"}", "user": 18, "exercise": 3}, "model": "backoffice.statistics", "pk": 70}, {"fields": {"date": "2015-12-14T10:48:58", "data": "{\"multi\":\"true\",\"time\":\"59\",\"success\":\"7\",\"failure\":\"3\"}", "user": 18, "exercise": 5}, "model": "backoffice.statistics", "pk": 71}, {"fields": {"date": "2015-12-14T10:48:58", "data": "{\"multi\":\"false\",\"time\":\"219\",\"success\":\"74\",\"failure\":\"26\"}", "user": 18, "exercise": 8}, "model": "backoffice.statistics", "pk": 72}, {"fields": {"date": "2015-12-14T10:48:58", "data": "{\"multi\":\"true\",\"time\":\"90\",\"success\":\"4\",\"failure\":\"6\"}", "user": 19, "exercise": 1}, "model": "backoffice.statistics", "pk": 73}, {"fields": {"date": "2015-12-14T10:48:58", "data": "{\"multi\":\"true\",\"time\":\"100\",\"success\":\"7\",\"failure\":\"3\"}", "user": 19, "exercise": 2}, "model": "backoffice.statistics", "pk": 74}, {"fields": {"date": "2015-12-14T10:48:58", "data": "{\"multi\":\"false\",\"time\":\"61\",\"success\":\"7\",\"failure\":\"3\"}", "user": 19, "exercise": 3}, "model": "backoffice.statistics", "pk": 75}, {"fields": {"date": "2015-12-14T10:48:58", "data": "{\"multi\":\"true\",\"time\":\"87\",\"success\":\"8\",\"failure\":\"2\"}", "user": 19, "exercise": 5}, "model": "backoffice.statistics", "pk": 76}, {"fields": {"date": "2015-12-14T10:48:58", "data": "{\"multi\":\"false\",\"time\":\"167\",\"success\":\"61\",\"failure\":\"39\"}", "user": 19, "exercise": 8}, "model": "backoffice.statistics", "pk": 77}, {"fields": {"date": "2015-12-14T10:48:58", "data": "{\"multi\":\"true\",\"time\":\"76\",\"success\":\"10\",\"failure\":\"0\"}", "user": 20, "exercise": 1}, "model": "backoffice.statistics", "pk": 78}, {"fields": {"date": "2015-12-14T10:48:58", "data": "{\"multi\":\"true\",\"time\":\"104\",\"success\":\"10\",\"failure\":\"0\"}", "user": 20, "exercise": 2}, "model": "backoffice.statistics", "pk": 79}, {"fields": {"date": "2015-12-14T10:48:58", "data": "{\"multi\":\"false\",\"time\":\"65\",\"success\":\"9\",\"failure\":\"1\"}", "user": 20, "exercise": 3}, "model": "backoffice.statistics", "pk": 80}, {"fields": {"date": "2015-12-14T10:48:58", "data": "{\"multi\":\"true\",\"time\":\"57\",\"success\":\"9\",\"failure\":\"1\"}", "user": 20, "exercise": 5}, "model": "backoffice.statistics", "pk": 81}, {"fields": {"date": "2015-12-14T10:48:58", "data": "{\"multi\":\"false\",\"time\":\"178\",\"success\":\"87\",\"failure\":\"13\"}", "user": 20, "exercise": 8}, "model": "backoffice.statistics", "pk": 82}, {"fields": {"date": "2015-12-14T10:48:58", "data": "{\"multi\":\"true\",\"time\":\"82\",\"success\":\"7\",\"failure\":\"3\"}", "user": 21, "exercise": 1}, "model": "backoffice.statistics", "pk": 83}, {"fields": {"date": "2015-12-14T10:48:58", "data": "{\"multi\":\"true\",\"time\":\"125\",\"success\":\"4\",\"failure\":\"6\"}", "user": 21, "exercise": 2}, "model": "backoffice.statistics", "pk": 84}, {"fields": {"date": "2015-12-14T10:48:58", "data": "{\"multi\":\"false\",\"time\":\"61\",\"success\":\"9\",\"failure\":\"1\"}", "user": 21, "exercise": 3}, "model": "backoffice.statistics", "pk": 85}, {"fields": {"date": "2015-12-14T10:48:58", "data": "{\"multi\":\"true\",\"time\":\"64\",\"success\":\"9\",\"failure\":\"1\"}", "user": 21, "exercise": 5}, "model": "backoffice.statistics", "pk": 86}, {"fields": {"date": "2015-12-14T10:48:58", "data": "{\"multi\":\"false\",\"time\":\"178\",\"success\":\"86\",\"failure\":\"14\"}", "user": 21, "exercise": 8}, "model": "backoffice.statistics", "pk": 87}, {"fields": {"date": "2015-12-14T10:48:58", "data": "{\"multi\":\"true\",\"time\":\"89\",\"success\":\"4\",\"failure\":\"6\"}", "user": 22, "exercise": 1}, "model": "backoffice.statistics", "pk": 88}, {"fields": {"date": "2015-12-14T10:48:58", "data": "{\"multi\":\"true\",\"time\":\"123\",\"success\":\"5\",\"failure\":\"5\"}", "user": 22, "exercise": 2}, "model": "backoffice.statistics", "pk": 89}, {"fields": {"date": "2015-12-14T10:48:58", "data": "{\"multi\":\"false\",\"time\":\"60\",\"success\":\"6\",\"failure\":\"4\"}", "user": 22, "exercise": 3}, "model": "backoffice.statistics", "pk": 90}, {"fields": {"date": "2015-12-14T10:48:58", "data": "{\"multi\":\"true\",\"time\":\"69\",\"success\":\"7\",\"failure\":\"3\"}", "user": 22, "exercise": 5}, "model": "backoffice.statistics", "pk": 91}, {"fields": {"date": "2015-12-14T10:48:58", "data": "{\"multi\":\"false\",\"time\":\"264\",\"success\":\"52\",\"failure\":\"48\"}", "user": 22, "exercise": 8}, "model": "backoffice.statistics", "pk": 92}, {"fields": {"codename": "add_logentry", "name": "Can add log entry", "content_type": 1}, "model": "auth.permission", "pk": 1}, {"fields": {"codename": "change_logentry", "name": "Can change log entry", "content_type": 1}, "model": "auth.permission", "pk": 2}, {"fields": {"codename": "delete_logentry", "name": "Can delete log entry", "content_type": 1}, "model": "auth.permission", "pk": 3}, {"fields": {"codename": "add_permission", "name": "Can add permission", "content_type": 2}, "model": "auth.permission", "pk": 4}, {"fields": {"codename": "change_permission", "name": "Can change permission", "content_type": 2}, "model": "auth.permission", "pk": 5}, {"fields": {"codename": "delete_permission", "name": "Can delete permission", "content_type": 2}, "model": "auth.permission", "pk": 6}, {"fields": {"codename": "add_group", "name": "Can add group", "content_type": 3}, "model": "auth.permission", "pk": 7}, {"fields": {"codename": "change_group", "name": "Can change group", "content_type": 3}, "model": "auth.permission", "pk": 8}, {"fields": {"codename": "delete_group", "name": "Can delete group", "content_type": 3}, "model": "auth.permission", "pk": 9}, {"fields": {"codename": "add_user", "name": "Can add user", "content_type": 4}, "model": "auth.permission", "pk": 10}, {"fields": {"codename": "change_user", "name": "Can change user", "content_type": 4}, "model": "auth.permission", "pk": 11}, {"fields": {"codename": "delete_user", "name": "Can delete user", "content_type": 4}, "model": "auth.permission", "pk": 12}, {"fields": {"codename": "add_contenttype", "name": "Can add content type", "content_type": 5}, "model": "auth.permission", "pk": 13}, {"fields": {"codename": "change_contenttype", "name": "Can change content type", "content_type": 5}, "model": "auth.permission", "pk": 14}, {"fields": {"codename": "delete_contenttype", "name": "Can delete content type", "content_type": 5}, "model": "auth.permission", "pk": 15}, {"fields": {"codename": "add_session", "name": "Can add session", "content_type": 6}, "model": "auth.permission", "pk": 16}, {"fields": {"codename": "change_session", "name": "Can change session", "content_type": 6}, "model": "auth.permission", "pk": 17}, {"fields": {"codename": "delete_session", "name": "Can delete session", "content_type": 6}, "model": "auth.permission", "pk": 18}, {"fields": {"codename": "add_dependency", "name": "Can add dependency", "content_type": 7}, "model": "auth.permission", "pk": 19}, {"fields": {"codename": "change_dependency", "name": "Can change dependency", "content_type": 7}, "model": "auth.permission", "pk": 20}, {"fields": {"codename": "delete_dependency", "name": "Can delete dependency", "content_type": 7}, "model": "auth.permission", "pk": 21}, {"fields": {"codename": "add_subject", "name": "Can add subject", "content_type": 8}, "model": "auth.permission", "pk": 22}, {"fields": {"codename": "change_subject", "name": "Can change subject", "content_type": 8}, "model": "auth.permission", "pk": 23}, {"fields": {"codename": "delete_subject", "name": "Can delete subject", "content_type": 8}, "model": "auth.permission", "pk": 24}, {"fields": {"codename": "add_exercise", "name": "Can add exercise", "content_type": 9}, "model": "auth.permission", "pk": 25}, {"fields": {"codename": "change_exercise", "name": "Can change exercise", "content_type": 9}, "model": "auth.permission", "pk": 26}, {"fields": {"codename": "delete_exercise", "name": "Can delete exercise", "content_type": 9}, "model": "auth.permission", "pk": 27}, {"fields": {"codename": "add_schoolclass", "name": "Can add school class", "content_type": 10}, "model": "auth.permission", "pk": 28}, {"fields": {"codename": "change_schoolclass", "name": "Can change school class", "content_type": 10}, "model": "auth.permission", "pk": 29}, {"fields": {"codename": "delete_schoolclass", "name": "Can delete school class", "content_type": 10}, "model": "auth.permission", "pk": 30}, {"fields": {"codename": "add_subjectconfig", "name": "Can add subject config", "content_type": 11}, "model": "auth.permission", "pk": 31}, {"fields": {"codename": "change_subjectconfig", "name": "Can change subject config", "content_type": 11}, "model": "auth.permission", "pk": 32}, {"fields": {"codename": "delete_subjectconfig", "name": "Can delete subject config", "content_type": 11}, "model": "auth.permission", "pk": 33}, {"fields": {"codename": "add_exerciseconfig", "name": "Can add exercise config", "content_type": 12}, "model": "auth.permission", "pk": 34}, {"fields": {"codename": "change_exerciseconfig", "name": "Can change exercise config", "content_type": 12}, "model": "auth.permission", "pk": 35}, {"fields": {"codename": "delete_exerciseconfig", "name": "Can delete exercise config", "content_type": 12}, "model": "auth.permission", "pk": 36}, {"fields": {"codename": "add_lpuser", "name": "Can add lp user", "content_type": 13}, "model": "auth.permission", "pk": 37}, {"fields": {"codename": "change_lpuser", "name": "Can change lp user", "content_type": 13}, "model": "auth.permission", "pk": 38}, {"fields": {"codename": "delete_lpuser", "name": "Can delete lp user", "content_type": 13}, "model": "auth.permission", "pk": 39}, {"fields": {"codename": "add_statistics", "name": "Can add statistics", "content_type": 14}, "model": "auth.permission", "pk": 40}, {"fields": {"codename": "change_statistics", "name": "Can change statistics", "content_type": 14}, "model": "auth.permission", "pk": 41}, {"fields": {"codename": "delete_statistics", "name": "Can delete statistics", "content_type": 14}, "model": "auth.permission", "pk": 42}, {"fields": {"name": "teachers", "permissions": []}, "model": "auth.group", "pk": 1}, {"fields": {"name": "students", "permissions": []}, "model": "auth.group", "pk": 2}, {"fields": {"username": "teacher1", "first_name": "", "last_name": "", "is_active": true, "is_superuser": false, "is_staff": false, "last_login": "2015-12-14T10:50:09", "groups": [1], "user_permissions": [], "password": "pbkdf2_sha256$12000$d6vlMBAMnAYT$jnnaq7ea4XGw6oIAbEs1F4O+TEZfZABbuaAd6sZw28I=", "email": "teacher1@domain.com", "date_joined": "2015-12-14T10:48:58"}, "model": "auth.user", "pk": 1}, {"fields": {"username": "teacher2", "first_name": "", "last_name": "", "is_active": true, "is_superuser": false, "is_staff": false, "last_login": "2015-12-14T10:48:58", "groups": [1], "user_permissions": [], "password": "pbkdf2_sha256$12000$d6vlMBAMnAYT$jnnaq7ea4XGw6oIAbEs1F4O+TEZfZABbuaAd6sZw28I=", "email": "teacher2@domain.com", "date_joined": "2015-12-14T10:48:58"}, "model": "auth.user", "pk": 2}, {"fields": {"username": "Benjamin.Boisset", "first_name": "", "last_name": "", "is_active": true, "is_superuser": false, "is_staff": false, "last_login": "2015-12-14T10:48:58", "groups": [2], "user_permissions": [], "password": "pbkdf2_sha256$12000$d6vlMBAMnAYT$jnnaq7ea4XGw6oIAbEs1F4O+TEZfZABbuaAd6sZw28I=", "email": "student-dev@domain.com", "date_joined": "2015-12-14T10:48:58"}, "model": "auth.user", "pk": 3}, {"fields": {"username": "Julien.Lefebvre", "first_name": "", "last_name": "", "is_active": true, "is_superuser": false, "is_staff": false, "last_login": "2015-12-14T10:48:58", "groups": [2], "user_permissions": [], "password": "pbkdf2_sha256$12000$d6vlMBAMnAYT$jnnaq7ea4XGw6oIAbEs1F4O+TEZfZABbuaAd6sZw28I=", "email": "student-dev@domain.com", "date_joined": "2015-12-14T10:48:58"}, "model": "auth.user", "pk": 4}, {"fields": {"username": "Manon.Durand", "first_name": "", "last_name": "", "is_active": true, "is_superuser": false, "is_staff": false, "last_login": "2015-12-14T10:48:58", "groups": [2], "user_permissions": [], "password": "pbkdf2_sha256$12000$d6vlMBAMnAYT$jnnaq7ea4XGw6oIAbEs1F4O+TEZfZABbuaAd6sZw28I=", "email": "student-dev@domain.com", "date_joined": "2015-12-14T10:48:58"}, "model": "auth.user", "pk": 5}, {"fields": {"username": "Pierre.Moreau", "first_name": "", "last_name": "", "is_active": true, "is_superuser": false, "is_staff": false, "last_login": "2015-12-14T10:48:58", "groups": [2], "user_permissions": [], "password": "pbkdf2_sha256$12000$d6vlMBAMnAYT$jnnaq7ea4XGw6oIAbEs1F4O+TEZfZABbuaAd6sZw28I=", "email": "student-dev@domain.com", "date_joined": "2015-12-14T10:48:58"}, "model": "auth.user", "pk": 6}, {"fields": {"username": "Marie.Petit", "first_name": "", "last_name": "", "is_active": true, "is_superuser": false, "is_staff": false, "last_login": "2015-12-14T10:48:58", "groups": [2], "user_permissions": [], "password": "pbkdf2_sha256$12000$d6vlMBAMnAYT$jnnaq7ea4XGw6oIAbEs1F4O+TEZfZABbuaAd6sZw28I=", "email": "student-dev@domain.com", "date_joined": "2015-12-14T10:48:58"}, "model": "auth.user", "pk": 7}, {"fields": {"username": "Romain.Brunet", "first_name": "", "last_name": "", "is_active": true, "is_superuser": false, "is_staff": false, "last_login": "2015-12-14T10:48:58", "groups": [2], "user_permissions": [], "password": "pbkdf2_sha256$12000$d6vlMBAMnAYT$jnnaq7ea4XGw6oIAbEs1F4O+TEZfZABbuaAd6sZw28I=", "email": "student-dev@domain.com", "date_joined": "2015-12-14T10:48:58"}, "model": "auth.user", "pk": 8}, {"fields": {"username": "Lucie.Masson", "first_name": "", "last_name": "", "is_active": true, "is_superuser": false, "is_staff": false, "last_login": "2015-12-14T10:48:58", "groups": [2], "user_permissions": [], "password": "pbkdf2_sha256$12000$d6vlMBAMnAYT$jnnaq7ea4XGw6oIAbEs1F4O+TEZfZABbuaAd6sZw28I=", "email": "student-dev@domain.com", "date_joined": "2015-12-14T10:48:58"}, "model": "auth.user", "pk": 9}, {"fields": {"username": "Laura.Moulin", "first_name": "", "last_name": "", "is_active": true, "is_superuser": false, "is_staff": false, "last_login": "2015-12-14T10:48:58", "groups": [2], "user_permissions": [], "password": "pbkdf2_sha256$12000$d6vlMBAMnAYT$jnnaq7ea4XGw6oIAbEs1F4O+TEZfZABbuaAd6sZw28I=", "email": "student-dev@domain.com", "date_joined": "2015-12-14T10:48:58"}, "model": "auth.user", "pk": 10}, {"fields": {"username": "Anthony.Payet", "first_name": "", "last_name": "", "is_active": true, "is_superuser": false, "is_staff": false, "last_login": "2015-12-14T10:48:58", "groups": [2], "user_permissions": [], "password": "pbkdf2_sha256$12000$d6vlMBAMnAYT$jnnaq7ea4XGw6oIAbEs1F4O+TEZfZABbuaAd6sZw28I=", "email": "student-dev@domain.com", "date_joined": "2015-12-14T10:48:58"}, "model": "auth.user", "pk": 11}, {"fields": {"username": "Lea.Martinez", "first_name": "", "last_name": "", "is_active": true, "is_superuser": false, "is_staff": false, "last_login": "2015-12-14T10:48:58", "groups": [2], "user_permissions": [], "password": "pbkdf2_sha256$12000$d6vlMBAMnAYT$jnnaq7ea4XGw6oIAbEs1F4O+TEZfZABbuaAd6sZw28I=", "email": "student-dev@domain.com", "date_joined": "2015-12-14T10:48:58"}, "model": "auth.user", "pk": 12}, {"fields": {"username": "Ludovic.Roux", "first_name": "", "last_name": "", "is_active": true, "is_superuser": false, "is_staff": false, "last_login": "2015-12-14T10:48:58", "groups": [2], "user_permissions": [], "password": "pbkdf2_sha256$12000$d6vlMBAMnAYT$jnnaq7ea4XGw6oIAbEs1F4O+TEZfZABbuaAd6sZw28I=", "email": "student-dev@domain.com", "date_joined": "2015-12-14T10:48:58"}, "model": "auth.user", "pk": 13}, {"fields": {"username": "Laetita.Marin", "first_name": "", "last_name": "", "is_active": true, "is_superuser": false, "is_staff": false, "last_login": "2015-12-14T10:48:58", "groups": [2], "user_permissions": [], "password": "pbkdf2_sha256$12000$d6vlMBAMnAYT$jnnaq7ea4XGw6oIAbEs1F4O+TEZfZABbuaAd6sZw28I=", "email": "student-dev@domain.com", "date_joined": "2015-12-14T10:48:58"}, "model": "auth.user", "pk": 14}, {"fields": {"username": "Lambert.Jourdain", "first_name": "", "last_name": "", "is_active": true, "is_superuser": false, "is_staff": false, "last_login": "2015-12-14T10:48:58", "groups": [2], "user_permissions": [], "password": "pbkdf2_sha256$12000$d6vlMBAMnAYT$jnnaq7ea4XGw6oIAbEs1F4O+TEZfZABbuaAd6sZw28I=", "email": "student-dev@domain.com", "date_joined": "2015-12-14T10:48:58"}, "model": "auth.user", "pk": 15}, {"fields": {"username": "Guillaume.Verdier", "first_name": "", "last_name": "", "is_active": true, "is_superuser": false, "is_staff": false, "last_login": "2015-12-14T10:48:58", "groups": [2], "user_permissions": [], "password": "pbkdf2_sha256$12000$d6vlMBAMnAYT$jnnaq7ea4XGw6oIAbEs1F4O+TEZfZABbuaAd6sZw28I=", "email": "student-dev@domain.com", "date_joined": "2015-12-14T10:48:58"}, "model": "auth.user", "pk": 16}, {"fields": {"username": "Kevin.Poncet", "first_name": "", "last_name": "", "is_active": true, "is_superuser": false, "is_staff": false, "last_login": "2015-12-14T10:48:58", "groups": [2], "user_permissions": [], "password": "pbkdf2_sha256$12000$d6vlMBAMnAYT$jnnaq7ea4XGw6oIAbEs1F4O+TEZfZABbuaAd6sZw28I=", "email": "student-dev@domain.com", "date_joined": "2015-12-14T10:48:58"}, "model": "auth.user", "pk": 17}, {"fields": {"username": "Marine.Duclos", "first_name": "", "last_name": "", "is_active": true, "is_superuser": false, "is_staff": false, "last_login": "2015-12-14T10:48:58", "groups": [2], "user_permissions": [], "password": "pbkdf2_sha256$12000$d6vlMBAMnAYT$jnnaq7ea4XGw6oIAbEs1F4O+TEZfZABbuaAd6sZw28I=", "email": "student-dev@domain.com", "date_joined": "2015-12-14T10:48:58"}, "model": "auth.user", "pk": 18}, {"fields": {"username": "Emma.Ricard", "first_name": "", "last_name": "", "is_active": true, "is_superuser": false, "is_staff": false, "last_login": "2015-12-14T10:48:58", "groups": [2], "user_permissions": [], "password": "pbkdf2_sha256$12000$d6vlMBAMnAYT$jnnaq7ea4XGw6oIAbEs1F4O+TEZfZABbuaAd6sZw28I=", "email": "student-dev@domain.com", "date_joined": "2015-12-14T10:48:58"}, "model": "auth.user", "pk": 19}, {"fields": {"username": "Johanna.Levasseur", "first_name": "", "last_name": "", "is_active": true, "is_superuser": false, "is_staff": false, "last_login": "2015-12-14T10:48:58", "groups": [2], "user_permissions": [], "password": "pbkdf2_sha256$12000$d6vlMBAMnAYT$jnnaq7ea4XGw6oIAbEs1F4O+TEZfZABbuaAd6sZw28I=", "email": "student-dev@domain.com", "date_joined": "2015-12-14T10:48:58"}, "model": "auth.user", "pk": 20}, {"fields": {"username": "Florian.Vacher", "first_name": "", "last_name": "", "is_active": true, "is_superuser": false, "is_staff": false, "last_login": "2015-12-14T10:48:58", "groups": [2], "user_permissions": [], "password": "pbkdf2_sha256$12000$d6vlMBAMnAYT$jnnaq7ea4XGw6oIAbEs1F4O+TEZfZABbuaAd6sZw28I=", "email": "student-dev@domain.com", "date_joined": "2015-12-14T10:48:58"}, "model": "auth.user", "pk": 21}, {"fields": {"username": "Alexandre.Tissier", "first_name": "", "last_name": "", "is_active": true, "is_superuser": false, "is_staff": false, "last_login": "2015-12-14T10:48:58", "groups": [2], "user_permissions": [], "password": "pbkdf2_sha256$12000$d6vlMBAMnAYT$jnnaq7ea4XGw6oIAbEs1F4O+TEZfZABbuaAd6sZw28I=", "email": "student-dev@domain.com", "date_joined": "2015-12-14T10:48:58"}, "model": "auth.user", "pk": 22}, {"fields": {"data": null, "avatar": "avatars/default.png", "school_class": [1, 2], "user": 1}, "model": "backoffice.lpuser", "pk": 1}, {"fields": {"data": null, "avatar": "avatars/default.png", "school_class": [2], "user": 2}, "model": "backoffice.lpuser", "pk": 2}, {"fields": {"data": "{\"credits\":42}", "avatar": "avatars/default.png", "school_class": [1], "user": 3}, "model": "backoffice.lpuser", "pk": 3}, {"fields": {"data": null, "avatar": "avatars/default.png", "school_class": [1], "user": 4}, "model": "backoffice.lpuser", "pk": 4}, {"fields": {"data": null, "avatar": "avatars/default.png", "school_class": [1], "user": 5}, "model": "backoffice.lpuser", "pk": 5}, {"fields": {"data": null, "avatar": "avatars/default.png", "school_class": [1], "user": 6}, "model": "backoffice.lpuser", "pk": 6}, {"fields": {"data": null, "avatar": "avatars/default.png", "school_class": [1], "user": 7}, "model": "backoffice.lpuser", "pk": 7}, {"fields": {"data": null, "avatar": "avatars/default.png", "school_class": [1], "user": 8}, "model": "backoffice.lpuser", "pk": 8}, {"fields": {"data": null, "avatar": "avatars/default.png", "school_class": [1], "user": 9}, "model": "backoffice.lpuser", "pk": 9}, {"fields": {"data": null, "avatar": "avatars/default.png", "school_class": [1], "user": 10}, "model": "backoffice.lpuser", "pk": 10}, {"fields": {"data": null, "avatar": "avatars/default.png", "school_class": [1], "user": 11}, "model": "backoffice.lpuser", "pk": 11}, {"fields": {"data": null, "avatar": "avatars/default.png", "school_class": [1], "user": 12}, "model": "backoffice.lpuser", "pk": 12}, {"fields": {"data": null, "avatar": "avatars/default.png", "school_class": [2], "user": 13}, "model": "backoffice.lpuser", "pk": 13}, {"fields": {"data": null, "avatar": "avatars/default.png", "school_class": [2], "user": 14}, "model": "backoffice.lpuser", "pk": 14}, {"fields": {"data": null, "avatar": "avatars/default.png", "school_class": [2], "user": 15}, "model": "backoffice.lpuser", "pk": 15}, {"fields": {"data": null, "avatar": "avatars/default.png", "school_class": [2], "user": 16}, "model": "backoffice.lpuser", "pk": 16}, {"fields": {"data": null, "avatar": "avatars/default.png", "school_class": [2], "user": 17}, "model": "backoffice.lpuser", "pk": 17}, {"fields": {"data": null, "avatar": "avatars/default.png", "school_class": [2], "user": 18}, "model": "backoffice.lpuser", "pk": 18}, {"fields": {"data": null, "avatar": "avatars/default.png", "school_class": [2], "user": 19}, "model": "backoffice.lpuser", "pk": 19}, {"fields": {"data": null, "avatar": "avatars/default.png", "school_class": [2], "user": 20}, "model": "backoffice.lpuser", "pk": 20}, {"fields": {"data": null, "avatar": "avatars/default.png", "school_class": [2], "user": 21}, "model": "backoffice.lpuser", "pk": 21}, {"fields": {"data": null, "avatar": "avatars/default.png", "school_class": [2], "user": 22}, "model": "backoffice.lpuser", "pk": 22}]